Busselton,0,AU,1547322957,100,-33.64,115.35,63.43,18.79
Kruisfontein,0,ZA,1547323065,90,-34.0,24.73,63.38,7.49
Stephenville,90,US,1547321700,60,32.22,-98.2,50.54,18.34
Kapaa,75,US,1547321700,62,22.08,-159.32,77.0,3.36
Taltal,0,CL,1547323072,61,-25.41,-70.49,68.51,4.92
Port Alfred,0,ZA,1547323074,90,-33.59,26.89,68.38,3.24
Morristown,90,US,1547321700,39,36.21,-83.29,50.0,6.93
Lavrentiya,8,RU,1547323079,100,65.58,-170.99,-10.96,25.84
Mount Gambier,0,AU,1547319600,93,-37.83,140.78,51.8,9.17
Bredasdorp,0,ZA,1547319600,46,-34.53,20.04,69.8,13.87
Punta Arenas,0,CL,1547319600,43,-53.16,-70.91,51.8,38.03
Albany,20,US,1547322720,31,42.65,-73.75,24.98,11.41
Jalu,0,LY,1547323090,55,29.03,21.55,51.64,15.21
Umm Kaddadah,8,SD,1547323093,78,13.6,26.69,57.22,3.47
Barrow,36,AR,1547323066,95,-38.31,-60.23,73.28,6.6
Makakilo City,75,US,1547321400,78,21.35,-158.09,75.92,4.03
Tuatapere,92,NZ,1547323099,100,-46.13,167.69,55.24,8.95
Okha,0,RU,1547323102,81,53.59,142.95,4.12,13.2
Vaini,0,IN,1547323104,86,15.34,74.49,59.47,3.02
Kavieng,48,PG,1547323106,100,-2.57,150.8,81.29,10.4
Hilo,1,US,1547319180,70,19.71,-155.08,75.02,5.82
Ribeira Grande,20,PT,1547319600,77,38.52,-28.7,60.8,21.92
Hermanus,0,ZA,1547323113,65,-34.42,19.24,60.01,9.4
Upernavik,20,GL,1547323049,100,72.79,-56.15,-5.34,11.41
Yellowknife,75,CA,1547319960,76,62.45,-114.38,-4.01,10.29
Santa Cruz,40,US,1547320800,62,36.97,-122.03,59.0,12.75
Hobart,20,AU,1547321400,81,-42.88,147.33,50.0,5.82
Sorong,64,ID,1547322978,100,-0.86,131.25,80.21,7.72
San Policarpo,48,PH,1547323127,97,12.18,125.51,77.6,11.18
Arraial do Cabo,20,BR,1547319600,74,-22.97,-42.02,87.8,14.99
Niquero,8,CU,1547323132,86,20.04,-77.58,81.43,11.97
Egvekinot,0,RU,1547323134,0,66.32,-179.17,-45.97,3.91
Bluff,0,AU,1547323136,78,-23.58,149.07,70.58,7.16
Tuktoyaktuk,75,CA,1547319600,83,69.44,-133.03,-14.81,9.17
Xiaoweizhai,92,CN,1547323140,99,26.23,107.51,38.59,3.36
Sao Joao da Barra,20,BR,1547319600,55,-21.64,-41.05,86.0,14.99
Beringovskiy,32,RU,1547323145,95,63.05,179.32,-4.84,23.6
Laurel,20,US,1547319180,61,45.67,-108.77,37.94,21.92
Jamestown,0,AU,1547323150,37,-33.21,138.6,65.32,11.97
Ushuaia,75,AR,1547319600,87,-54.81,-68.31,42.8,39.15
College,75,US,1547321880,56,64.86,-147.8,-36.05,3.36
Saint-Augustin,90,FR,1547321400,93,44.83,-0.61,42.8,4.7
Purranque,90,CL,1547319600,72,-40.91,-73.16,66.2,4.7
Manado,40,ID,1547321400,100,1.49,124.85,75.2,2.24
Ketchikan,90,US,1547319780,95,55.34,-131.65,42.98,3.36
Hamilton,90,CA,1547319780,79,43.26,-79.87,24.8,11.41
Nago,20,IT,1547320800,92,45.88,10.89,32.0,2.24
Avarua,40,CK,1547319600,83,-21.21,-159.78,82.4,4.7
Butaritari,76,KI,1547322984,100,3.07,172.79,83.32,10.4
Presidente Medici,8,BR,1547323176,70,-11.18,-61.9,83.99,3.02
Mataura,92,NZ,1547323040,89,-46.19,168.86,54.79,2.35
Lompoc,90,US,1547322300,77,34.64,-120.46,60.08,10.29
Souillac,75,FR,1547321400,100,45.6,-0.6,42.8,3.36
Saint-Francois,90,FR,1547321400,81,46.42,3.91,42.8,10.29
Barra da Estiva,0,BR,1547323187,64,-13.63,-41.33,79.13,7.16
Morondava,80,MG,1547323189,100,-20.3,44.28,77.92,4.36
Araouane,12,ML,1547323191,22,18.9,-3.53,58.61,10.63
Nome,1,US,1547321700,52,30.04,-94.42,71.06,9.17
Ossora,0,RU,1547323196,80,59.24,163.07,3.98,6.15
Rio Gallegos,40,AR,1547319600,22,-51.62,-69.22,57.2,36.91
Kaeo,0,NZ,1547323201,55,-35.1,173.78,72.38,4.36
Pacific Grove,75,US,1547320800,71,36.62,-121.92,59.0,4.36
Lebu,0,ET,1547319600,24,8.96,38.73,55.4,3.36
Cape Town,40,ZA,1547319600,63,-33.93,18.42,66.2,8.05
Victoria,75,BN,1547321400,88,5.28,115.24,80.6,2.24
Tiksi,44,RU,1547323215,40,71.64,128.87,-26.04,8.39
Margate,20,AU,1547321400,81,-43.03,147.26,50.0,5.82
Lorengau,76,PG,1547323054,99,-2.02,147.27,83.41,15.66
Natal,40,BR,1547319600,74,-5.81,-35.21,82.4,19.46
Kaitangata,92,NZ,1547322987,81,-46.28,169.85,57.31,5.93
New Norfolk,20,AU,1547321400,81,-42.78,147.06,50.0,5.82
Panalingaan,20,PH,1547323229,100,8.78,117.42,76.12,6.93
Kodiak,90,US,1547321700,92,39.95,-94.76,32.0,13.87
Ugoofaaru,32,MV,1547323234,100,5.67,73.0,81.29,6.93
Puerto Ayora,40,EC,1547319600,58,-0.74,-90.35,86.0,16.11
Guiratinga,20,BR,1547323242,88,-16.35,-53.76,80.53,0.67
Vostok,0,RU,1547323245,41,46.45,135.83,-14.07,2.13
Asyut,0,EG,1547319600,62,27.18,31.19,51.8,10.29
Yulara,0,AU,1547319600,23,-25.24,130.99,86.0,8.05
Bambous Virieux,40,MU,1547319600,74,-20.34,57.76,80.6,12.75
Tual,68,ID,1547323254,100,-5.67,132.75,82.73,11.63
Lae,8,PG,1547323256,100,-6.72,146.98,68.69,2.01
Saint-Pierre,90,FR,1547321400,93,48.95,4.24,46.4,16.11
Prosotsani,20,GR,1547319000,80,41.18,23.97,35.6,2.57
Ukiah,20,US,1547319360,82,39.15,-123.21,53.06,5.37
Carnarvon,0,ZA,1547323266,54,-30.97,22.13,63.29,12.3
Pevek,0,RU,1547323269,64,69.7,170.27,-21.58,4.47
Petropavlovsk-Kamchatskiy,88,RU,1547321400,85,53.05,158.65,32.0,6.71
Huambo,24,AO,1547323273,67,-12.78,15.73,65.0,4.59
Alakurtti,88,RU,1547323275,82,66.96,30.34,27.2,7.83
Vangaindrano,92,MG,1547323278,99,-23.35,47.6,71.3,2.35
Sitka,68,US,1547323366,89,37.17,-99.65,36.16,16.55
Benito Juarez,0,MX,1547323283,54,28.64,-111.57,72.2,7.61
Khatanga,48,RU,1547323285,47,71.98,102.47,-28.87,12.19
Tautira,90,PF,1547321400,74,-17.73,-149.15,84.2,16.11
Alofi,36,NU,1547319600,74,-19.06,-169.92,80.6,13.87
Corrales,92,CO,1547323293,96,5.83,-72.84,53.08,2.35
Cidreira,92,BR,1547323088,89,-30.17,-50.22,75.53,15.55
Constitucion,5,MX,1547318700,38,23.99,-104.67,59.0,4.36
Mut,92,TR,1547323300,81,36.64,33.44,30.58,1.9
Grand Gaube,40,MU,1547319600,74,-20.01,57.66,80.6,12.75
Rikitea,76,PF,1547323016,100,-23.12,-134.97,78.95,13.98
Hofn,92,IS,1547323307,100,64.25,-15.21,36.34,10.29
Lloret de Mar,0,ES,1547321400,100,41.7,2.85,39.2,4.7
Peniche,0,PT,1547319600,87,39.36,-9.38,50.0,2.24
Nelson Bay,0,AU,1547321400,88,-32.72,152.14,66.2,1.12
Mandera,0,ET,1547323206,31,3.94,41.86,72.29,8.5
Qaanaaq,0,GL,1547323318,100,77.48,-69.36,-23.47,8.61
Chernyshevskiy,56,RU,1547323321,56,63.01,112.47,-11.86,4.59
Severo-Kurilsk,88,RU,1547323323,100,50.68,156.12,32.15,15.55
Esperance,20,TT,1547319600,54,10.24,-61.45,84.2,12.75
Airai,32,TL,1547323328,87,-8.93,125.41,68.78,1.9
Mwandiga,75,TZ,1547319600,94,-4.84,29.66,69.8,2.8
Laguna,20,MX,1547318580,44,27.52,-110.01,75.2,3.36
Guhagar,0,IN,1547323335,100,17.48,73.19,69.19,5.14
Gravdal,75,NO,1547320800,87,59.79,5.78,44.6,17.22
Ilulissat,40,GL,1547319000,48,69.22,-51.1,-5.81,8.05
Castro,75,CL,1547319600,62,-42.48,-73.76,59.0,9.17
Havre-Saint-Pierre,90,CA,1547319600,73,50.23,-63.6,26.6,6.93
Matara,75,PE,1547319600,50,-13.74,-72.9,53.6,13.87
Kirtipur,20,NP,1547320800,87,27.68,85.28,42.8,3.36
Port Hardy,75,CA,1547319600,76,50.7,-127.42,48.2,21.92
Vitim,44,RU,1547323354,49,59.44,112.57,-9.39,2.57
Cubuk,75,TR,1547320800,86,40.24,33.03,41.0,3.36
Arcata,1,US,1547321700,100,40.87,-124.08,60.8,11.41
Maine-Soroa,0,NE,1547323360,33,13.21,12.02,69.86,10.07
Igrim,88,RU,1547323362,83,63.19,64.42,7.58,9.06
Nyrob,76,RU,1547323365,82,60.74,56.73,12.58,11.74
Atuona,80,PF,1547323367,100,-9.8,-139.03,78.73,16.44
Strezhevoy,90,RU,1547321400,83,60.73,77.6,-7.61,8.95
Labuhan,68,ID,1547323372,97,-2.54,115.51,73.33,1.68
Antalaha,24,MG,1547323375,94,-14.9,50.28,77.06,1.9
Victoria,75,BN,1547321400,88,5.28,115.24,80.6,2.24
Yanaul,92,RU,1547323380,92,56.27,54.93,27.11,14.43
Saskylakh,0,RU,1547323383,0,71.97,114.09,-54.75,4.14
Vao,0,EE,1547323385,83,59.1,26.19,18.29,4.7
Linxia,44,CN,1547323388,56,35.6,103.21,-0.16,2.13
Salalah,0,OM,1547319000,24,17.01,54.1,78.8,9.17
Goderich,68,CA,1547323298,81,43.74,-81.71,24.01,7.94
Palanga,0,RO,1547323394,58,44.45,25.08,5.6,3.58
Toora-Khem,48,RU,1547323398,69,52.47,96.11,-8.22,3.24
Jiangyou,0,CN,1547323400,75,31.78,104.73,25.4,3.13
Batagay,0,RU,1547323402,0,67.65,134.64,-49.84,2.91
Paita,0,PE,1547319600,290,-5.09,-81.11,62.6,16.11
Dudinka,76,RU,1547323407,48,69.41,86.18,-29.41,24.16
Coahuayana,0,MX,1547323409,41,18.62,-100.35,81.29,3.13
Pisco,20,PE,1547319600,30,-13.71,-76.2,71.6,26.4
Hithadhoo,8,MV,1547323413,100,-0.6,73.08,81.34,4.36
Pangnirtung,20,CA,1547319600,67,66.15,-65.72,-27.41,6.93
Inhambane,40,MZ,1547319600,89,-23.87,35.38,84.2,13.87
Maldonado,0,UY,1547323200,82,-34.91,-54.96,62.6,4.7
Berdigestyakh,8,RU,1547323423,39,62.1,126.7,-25.81,6.6
Colares,0,PT,1547321400,76,38.8,-9.45,50.0,9.17
Torbay,75,CA,1547319600,100,47.66,-52.73,33.8,20.8
Pueblo Nuevo,0,MX,1547323430,38,23.99,-106.96,82.69,3.36
Haimen,8,CN,1547323432,100,31.87,121.18,31.12,6.04
Buala,12,SB,1547323521,98,-8.15,159.59,80.39,5.37
Tasiilaq,75,GL,1547319000,67,65.61,-37.64,17.6,8.05
Kota Kinabalu,75,MY,1547321400,94,5.98,116.07,77.0,5.82
Auki,0,NG,1547323434,31,12.18,6.51,68.33,7.16
Padang,20,ID,1547319600,100,-0.92,100.36,75.2,2.24
Banda Aceh,12,ID,1547322902,97,5.56,95.32,73.24,4.59
Sao Filipe,0,CV,1547323449,96,14.9,-24.5,72.43,9.95
San Cristobal,40,EC,1547319600,52,-0.39,-78.55,69.8,18.34
Santiago,20,CL,1547319600,36,-33.44,-70.65,80.6,9.17
Ust-Karsk,56,RU,1547323456,65,52.71,118.82,-9.84,2.57
South Hill,40,US,1547322780,68,47.12,-122.29,50.0,3.36
Osinovo,88,RU,1547323460,91,62.87,42.79,27.2,7.72
Vagay,88,RU,1547323463,81,57.94,69.02,6.14,14.2
Whitehorse,75,CA,1547322060,76,60.72,-135.06,-9.41,3.36
South Milwaukee,90,US,1547322720,63,42.91,-87.86,33.08,16.11
Tamandare,92,BR,1547323470,87,-8.28,-70.75,76.34,3.47
Nikolskoye,75,RU,1547321400,92,59.7,30.79,23.0,11.18
Mizdah,0,LY,1547323475,63,31.45,12.98,39.44,15.32
Barela,0,IN,1547323477,81,23.1,80.05,59.96,3.58
Beyneu,56,KZ,1547323479,91,45.32,55.19,32.78,12.3
Mugumu,12,TZ,1547323482,42,-1.84,34.67,65.14,6.71
Plettenberg Bay,0,ZA,1547323461,100,-34.05,23.37,65.09,7.16
Chuy,92,UY,1547323352,89,-33.69,-53.46,70.27,14.65
Berlevag,88,NO,1547323296,100,70.86,29.09,24.91,2.91
Cherskiy,56,RU,1547323490,51,68.75,161.3,-17.26,1.57
Isla Mujeres,75,MX,1547318460,54,21.23,-86.73,80.6,6.93
Zhezkazgan,48,KZ,1547323495,75,47.8,67.71,4.88,7.16
Sisimiut,44,GL,1547323497,100,66.94,-53.67,-21.99,0.89
Haines Junction,12,CA,1547323499,46,60.75,-137.51,-18.25,2.13
Lodja,76,CD,1547323502,97,-3.52,23.6,71.53,2.68
Yar-Sale,80,RU,1547323504,88,66.83,70.83,4.43,21.03
Tornio,0,FI,1547322600,92,61.12,27.27,19.4,4.7
Norman Wells,20,CA,1547319600,73,65.28,-126.83,-32.81,3.36
Isangel,68,VU,1547323511,100,-19.55,169.27,77.92,4.7
Athens,90,US,1547322900,65,34.8,-86.97,48.02,10.29
Nouadhibou,0,MR,1547319600,49,20.93,-17.03,69.8,9.17
Singaraja,36,ID,1547323518,100,-8.11,115.08,72.16,0.67
Liepaja,56,LV,1547320800,100,56.52,21.02,32.0,3.13
Nhulunbuy,40,AU,1547321400,94,-12.18,136.78,80.6,5.37
Apt,0,FR,1547321400,52,43.88,5.4,46.4,26.4
That Phanom,0,TH,1547323527,85,16.94,104.73,69.64,8.16
Northam,92,GB,1547319000,93,51.04,-4.21,48.2,17.22
Rundu,0,NA,1547323531,31,-17.91,19.77,74.41,6.26
Durgapur,0,IN,1547323533,80,23.54,87.34,49.39,2.8
Sunland Park,1,US,1547321700,37,31.8,-106.58,54.32,10.29
Maroantsetra,32,MG,1547323538,100,-15.43,49.74,74.54,2.68
Kyzyl,48,RU,1547323540,52,51.72,94.43,-19.42,2.68
Great Falls,1,US,1547319480,28,47.5,-111.29,46.22,10.29
Ponta do Sol,24,BR,1547323544,67,-20.63,-46.0,80.44,3.13
Cravo Norte,76,CO,1547323547,33,6.3,-70.2,94.61,12.19
Anadyr,0,RU,1547319600,75,64.73,177.51,-16.61,13.42
Bogashevo,0,RU,1547319600,82,56.37,85.14,-18.41,4.47
Mahebourg,40,MU,1547319600,74,-20.41,57.7,80.6,12.75
Dikson,76,RU,1547323555,100,73.51,80.55,-17.35,32.44
Novyye Gorki,92,RU,1547323558,86,56.73,41.06,14.56,10.96
Pitimbu,40,BR,1547319600,78,-7.47,-34.81,78.8,16.11
Saint George,75,GR,1547322600,74,39.45,22.34,37.4,4.7
Bagdarin,48,RU,1547323565,45,54.44,113.59,-17.94,2.46
Greenfield,20,US,1547322960,30,42.59,-72.6,28.04,5.59
Palmer,20,AU,1547321400,63,-34.85,139.16,60.8,13.87
Shakawe,8,BW,1547323572,36,-18.36,21.84,80.03,7.05
Huilong,92,CN,1547323574,96,28.89,110.18,33.64,2.35
Atambua,20,ID,1547323576,100,-9.11,124.89,78.64,3.24
Kenai,40,US,1547319360,72,60.55,-151.26,3.92,9.17
Ancud,75,CL,1547319600,62,-41.87,-73.83,59.0,9.17
Saint-Philippe,1,CA,1547321700,50,45.36,-73.48,12.02,4.7
Barry,90,GB,1547322600,100,51.4,-3.27,50.0,23.04
Bethel,90,US,1547321760,75,60.79,-161.76,-13.01,14.99
Canon City,0,US,1547323590,44,39.46,-117.13,40.66,3.47
Namibe,0,AO,1547323385,100,-15.19,12.15,74.23,8.84
Teya,40,MX,1547318700,42,21.05,-89.07,82.4,3.58
Adrar,0,DZ,1547319600,31,27.87,-0.29,50.0,9.17
Bastia,0,IT,1547322600,65,44.6,8.98,44.6,5.82
Goma,56,CD,1547323602,92,-1.67,29.23,59.83,3.13
Abalak,20,NE,1547323604,33,15.46,6.28,65.77,10.96
Coro,12,VE,1547323606,69,11.41,-69.67,81.38,9.28
Coihaique,20,CL,1547319600,41,-45.58,-72.07,59.0,4.7
Pattoki,48,PK,1547323611,99,31.02,73.85,50.47,2.8
Mukhen,0,RU,1547323613,55,48.19,136.14,-11.41,2.24
Chokurdakh,80,RU,1547323615,71,70.62,147.9,-23.52,7.16
Hirara,100,JP,1547323609,100,24.8,125.28,69.95,19.46
West Odessa,1,US,1547322780,41,31.84,-102.48,53.96,13.87
Leh,56,IN,1547323622,59,34.16,77.58,-9.3,1.23
Havoysund,40,NO,1547322600,98,71.0,24.66,32.0,27.51
Tingi,36,TZ,1547323627,100,-11.3,35.03,77.02,10.63
Gornopravdinsk,88,RU,1547323629,82,60.06,69.92,5.83,11.63
Ahipara,8,NZ,1547323631,70,-35.17,173.16,71.89,5.03
Klyavlino,92,RU,1547323633,98,54.26,52.03,35.75,12.75
Saint Anthony,1,US,1547319360,76,43.97,-111.68,17.06,3.36
Port Elizabeth,75,US,1547322840,30,39.31,-74.98,35.06,4.7
Deputatskiy,48,RU,1547323640,53,69.3,139.9,-32.11,2.8
Namatanai,68,PG,1547323642,100,-3.66,152.44,82.69,14.43
Batemans Bay,64,AU,1547323562,90,-35.71,150.18,66.44,6.15
Coquimbo,0,CL,1547319600,56,-29.95,-71.34,69.8,14.99
Najran,0,SA,1547319600,45,17.54,44.22,62.6,2.68
Puerto del Rosario,20,ES,1547321400,77,28.5,-13.86,64.4,6.93
Charlestown,20,US,1547322840,28,41.38,-71.64,32.0,13.87
Touros,75,BR,1547319600,74,-5.2,-35.46,82.4,13.87
Cap-aux-Meules,90,CA,1547322180,78,47.38,-61.86,14.0,18.34
Necochea,12,AR,1547323660,61,-38.55,-58.74,82.78,9.17
Barda,88,RU,1547323662,86,56.93,55.59,26.08,9.28
Itarema,68,BR,1547323639,93,-2.92,-39.92,77.02,4.59
Mahon,75,IE,1547323200,93,51.89,-8.4,48.2,5.82
Manacapuru,40,BR,1547319600,55,-3.3,-60.62,87.8,8.05
Taywarah,0,AF,1547323672,49,33.35,64.42,-3.99,1.34
Hasaki,90,JP,1547321400,86,35.73,140.83,39.2,8.05
Yumen,8,CN,1547323676,46,40.29,97.04,-5.11,3.58
Novyye Burasy,75,RU,1547319600,73,52.13,46.08,19.4,13.42
Shache,12,CN,1547323681,71,38.42,77.24,12.08,6.38
East London,0,ZA,1547323220,99,-33.02,27.91,73.1,17.67
Leningradskiy,8,RU,1547323524,100,69.38,178.42,-19.2,8.5
Vestmannaeyjar,92,IS,1547323576,100,63.44,-20.27,40.34,17.0
Podor,0,MR,1547319600,26,16.65,-14.96,82.4,2.24
San Patricio,36,PY,1547323295,93,-26.98,-56.83,79.27,3.13
Dakar,0,SN,1547321400,41,14.69,-17.45,75.2,6.93
Grindavik,90,IS,1547321400,100,63.84,-22.43,33.8,6.93
Longyearbyen,20,NO,1547319000,55,78.22,15.63,6.8,16.11
Biryusinsk,44,RU,1547323701,64,55.96,97.82,-0.3,10.18
Rudnichnyy,12,RU,1547323703,81,59.7,60.29,9.43,5.7
Saint-Leu,0,RE,1547321400,74,-21.15,55.28,78.8,9.17
Lapas,0,PT,1547319600,87,39.49,-8.55,46.4,2.24
Cooma,0,AU,1547319600,71,-36.24,149.13,50.0,3.36
Portales,40,US,1547323080,48,34.19,-103.33,46.94,11.41
Kafanchan,8,NG,1547323715,29,9.58,8.3,71.48,7.72
Baghdad,0,IQ,1547319600,65,33.3,44.38,46.4,3.36
Pleshanovo,0,RU,1547319600,92,57.46,28.17,26.6,4.47
Richards Bay,8,ZA,1547323721,92,-28.77,32.06,69.14,2.91
Camacha,40,PT,1547319600,72,33.08,-16.33,64.4,16.11
Fortuna,0,ES,1547321400,70,38.18,-1.13,42.8,6.93
Boa Vista,75,BR,1547319600,41,2.82,-60.67,91.4,9.17
Nanpiao,0,CN,1547323731,63,41.1,120.75,15.59,7.61
Great Yarmouth,75,GB,1547320800,93,52.61,1.73,46.4,16.11
Aksarka,64,RU,1547323735,77,66.56,67.8,4.84,17.78
Yeppoon,56,AU,1547321400,78,-23.13,150.74,71.6,6.93
Pilar,20,AR,1547319600,54,-34.46,-58.91,82.4,8.05
Codrington,75,AU,1547321400,93,-28.95,153.24,64.4,3.58
Vardo,90,US,1547322900,74,39.62,-77.74,35.6,6.93
Taoudenni,0,ML,1547323746,30,22.68,-3.98,54.74,12.75
Perth,75,GB,1547322600,81,56.4,-3.43,51.8,14.99
Pokrovsk,88,UA,1547323751,94,48.28,37.18,19.06,8.72
Kariba,76,ZW,1547323753,93,-16.53,28.78,74.9,4.47
Clyde River,20,CA,1547319600,73,70.47,-68.59,-31.01,6.93
Bintulu,75,MY,1547319600,100,3.17,113.03,77.0,1.9
Pangody,68,RU,1547323760,79,65.85,74.49,-4.3,20.36
Mecca,0,SA,1547323303,67,21.43,39.83,63.29,1.12
Ostrovnoy,88,RU,1547323367,95,68.05,39.51,20.0,7.61
Pandan,92,PH,1547323766,100,11.72,122.09,78.19,17.22
Lasa,20,CY,1547321400,76,34.92,32.53,55.4,8.05
Guanare,12,VE,1547323771,57,9.04,-69.74,87.01,6.15
Provideniya,12,RU,1547323580,100,64.42,-173.23,-12.49,17.67
Saldanha,0,PT,1547323312,86,41.42,-6.55,25.54,3.47
Gandu,56,CN,1547323777,62,35.89,102.33,0.56,2.91
Silver City,1,US,1547321700,42,32.77,-108.28,47.48,11.41
Teguise,20,ES,1547321400,77,29.06,-13.56,62.6,6.93
Hovd,75,NO,1547320800,100,63.83,10.7,33.8,6.93
San Juan,0,AR,1547323623,29,-31.54,-68.53,86.38,5.37
Kiama,12,AU,1547323789,81,-34.67,150.86,69.59,6.49
Corpus Christi,1,US,1547322960,63,27.8,-97.4,73.76,8.05
Katsuura,20,JP,1547319600,86,33.93,134.5,37.4,8.05
Nantucket,1,US,1547322780,38,41.28,-70.1,30.02,10.29
Kulhudhuffushi,0,MV,1547323588,100,6.62,73.07,82.1,5.14
Bajmok,0,RS,1547320500,86,45.97,19.42,33.8,8.05
Fereydunshahr,20,IR,1547323802,24,32.94,50.12,22.25,4.36
Hammerfest,75,NO,1547320800,69,70.66,23.68,33.8,29.97
Diplo,0,PK,1547323806,90,24.47,69.59,56.09,8.61
Guerrero Negro,44,MX,1547323809,72,27.97,-114.04,64.87,5.93
Takoradi,20,GH,1547323811,100,4.89,-1.75,82.78,6.49
Uruzgan,0,AF,1547323813,56,32.93,66.63,-11.59,1.68
Khuzdar,0,PK,1547323815,62,27.8,66.62,29.32,2.35
Barraute,90,CA,1547319600,84,48.43,-77.63,-2.21,3.8
Toyooka,8,JP,1547323820,89,35.55,134.82,26.48,5.37
Ler,75,NO,1547322600,81,63.2,10.3,33.8,8.05
Cockburn Town,88,TC,1547323815,100,21.46,-71.14,76.88,19.57
Westport,75,IE,1547319600,100,53.8,-9.52,46.4,24.16
Vila Velha,20,BR,1547319600,78,-3.71,-38.6,82.4,8.05
Sambava,36,MG,1547323831,100,-14.27,50.17,79.04,3.91
Tongliao,8,CN,1547323833,70,43.61,122.27,9.2,10.07
Broken Hill,0,AU,1547319600,29,-31.97,141.45,75.2,21.92
Gigmoto,12,PH,1547323837,100,13.78,124.39,77.47,14.43
Lagoa,0,PT,1547321400,62,37.14,-8.45,51.8,8.05
Kingston,40,CA,1547319600,48,44.23,-76.48,17.6,6.93
Gamba,0,CN,1547323845,48,28.28,88.52,-6.46,7.38
Bilibino,20,RU,1547323714,42,68.06,166.44,-27.75,2.24
Mana,75,RS,1547323200,86,43.52,20.24,30.2,1.12
Christchurch,8,NZ,1547321400,88,-43.53,172.64,62.6,6.93
Mao,40,DO,1547319600,83,19.55,-71.08,80.6,3.36
Terney,0,RU,1547323856,100,45.05,136.61,17.44,9.4
Rome,0,IT,1547322600,55,41.89,12.48,39.2,4.7
Ballina,75,IE,1547319600,100,54.11,-9.15,46.4,24.16
Gao,0,ML,1547323863,34,16.28,-0.04,66.71,9.4
Farafangana,68,MG,1547323865,100,-22.82,47.83,77.24,7.49
Pasighat,0,IN,1547323867,50,28.06,95.33,50.92,2.68
Wajir,12,KE,1547323869,27,1.75,40.07,73.19,8.05
Megion,90,RU,1547321400,83,61.04,76.11,-7.61,8.95
Port Blair,80,IN,1547323543,98,11.67,92.75,83.14,11.63
Ouahigouya,0,BF,1547323876,23,13.58,-2.42,71.66,9.95
Suozhen,0,CN,1547323878,60,36.95,118.1,17.44,4.7
Dingle,56,PH,1547323178,94,11.0,122.67,74.59,12.19
Bathsheba,20,BB,1547319600,61,13.22,-59.52,82.4,16.11
Davila,0,PH,1547323885,100,18.47,120.58,75.53,20.69
Luderitz,36,NA,1547323597,93,-26.65,15.16,61.81,5.59
Santa Maria del Oro,0,MX,1547323889,24,25.95,-105.37,61.94,5.26
Yatou,40,CM,1547319600,94,3.63,9.81,80.6,14.09
Narsaq,75,GL,1547319000,90,60.91,-46.05,32.0,1.12
Issoire,90,FR,1547321400,70,45.54,3.25,42.8,4.7
Khorinsk,24,RU,1547323898,43,52.16,109.78,-15.82,1.9
Rafaela,92,AR,1547323900,86,-31.25,-61.49,77.15,8.5
Saint-Joseph,0,FR,1547321400,59,43.56,6.97,46.4,4.7
Marshalltown,90,US,1547322900,96,42.04,-92.91,30.56,14.99
Myitkyina,0,MM,1547323907,88,25.38,97.4,51.19,2.35
Kungurtug,44,RU,1547323909,66,50.6,97.53,-5.2,5.37
Isla Vista,75,US,1547322660,87,34.41,-119.86,59.0,6.93
Lapua,0,FI,1547322600,92,62.97,23.01,19.4,5.03
Karratha,0,AU,1547323916,62,-20.74,116.85,72.34,3.36
Kijang,0,KR,1547319600,74,35.24,129.21,37.4,6.93
Ambon,75,FR,1547321400,93,47.55,-2.56,50.0,9.17
Cayenne,20,GF,1547321400,66,4.94,-52.33,84.2,11.41
Ertil,80,RU,1547323925,87,51.84,40.8,11.63,11.07
Iqaluit,40,CA,1547321520,67,63.75,-68.52,-23.81,23.04
Capanema,75,BR,1547319600,58,-25.67,-53.8,87.8,6.93
Thompson,75,CA,1547319600,78,55.74,-97.86,8.6,11.41
Ust-Tsilma,68,RU,1547323934,71,65.44,52.15,17.48,8.95
Zeitz,92,DE,1547322600,86,51.05,12.13,41.0,14.99
Bandarbeyla,68,SO,1547323835,100,9.49,50.81,76.61,17.45
Mazatlan,5,MX,1547318520,51,23.22,-106.42,84.2,5.82
Meulaboh,0,ID,1547323942,100,4.14,96.13,77.56,3.58
San Marcos,40,GT,1547323200,46,14.97,-91.79,91.4,9.17
Los Llanos de Aridane,0,ES,1547321400,63,28.66,-17.92,62.6,6.93
Gore,0,ET,1547323950,60,8.15,35.53,55.28,5.14
Yining,92,CN,1547323952,97,29.04,114.56,39.08,2.68
Limbang,75,BN,1547321400,100,4.75,115.01,80.6,2.24
Evensk,0,RU,1547323956,100,61.92,159.24,1.69,5.48
Bredy,92,RU,1547323959,91,52.43,60.33,19.69,18.34
Khani,40,GE,1547321400,78,41.96,42.96,44.6,4.7
Mezhdurechensk,48,RU,1547323805,79,53.69,88.07,-1.74,2.35
Vanimo,64,PG,1547323965,100,-2.67,141.3,80.03,12.75
Timbuktu,44,ML,1547323967,22,16.77,-3.01,65.68,10.85
Beneditinos,76,BR,1547323970,88,-5.46,-42.36,77.74,3.13
Merauke,36,ID,1547323661,100,-8.49,140.4,75.71,4.92
Walvis Bay,0,NA,1547319600,77,-22.95,14.51,66.2,12.75
Kontagora,0,NG,1547323976,65,10.4,5.47,71.53,1.01
Monroe,90,US,1547322960,84,41.91,-83.4,31.1,6.93
Massaguet,0,TD,1547319600,14,12.48,15.44,80.6,6.93
Bartica,75,GY,1547319600,62,6.41,-58.62,84.2,16.11
Hiriyur,0,IN,1547323985,85,13.94,76.62,55.87,4.14
Wanning,75,AT,1547322600,86,48.64,13.53,37.4,19.46
Talnakh,44,RU,1547323990,90,69.49,88.39,-40.8,8.61
Nadym,80,RU,1547323992,79,65.53,72.51,-0.84,16.33
Emba,20,CY,1547321400,76,34.81,32.42,55.4,8.05
Kudahuvadhoo,80,MV,1547323996,100,2.67,72.89,80.39,8.95
Cabo San Lucas,5,MX,1547322240,64,22.89,-109.91,78.8,3.36
Kandrian,0,PG,1547324001,99,-6.21,149.55,75.94,2.68
Sapouy,20,BF,1547324003,31,11.55,-1.77,74.99,6.49
Luganville,68,VU,1547323585,99,-15.51,167.18,82.06,4.81
Faya,0,SA,1547323200,67,18.39,42.45,59.0,3.02
Avera,90,US,1547322900,51,33.19,-82.53,53.6,6.93
Alta Floresta,40,BR,1547319600,58,-9.87,-56.08,87.8,6.93
Chapais,90,CA,1547319600,77,49.78,-74.86,-0.41,10.29
Ledec,90,CZ,1547319600,96,49.97,15.59,37.4,14.99
Muisne,75,EC,1547321400,94,0.61,-80.02,78.8,5.82
Tarauaca,92,BR,1547324021,87,-8.16,-70.77,76.34,3.47
Shimoda,20,JP,1547320680,75,34.7,138.93,46.4,5.82
Macamic,90,CA,1547322360,77,48.75,-79.0,-2.21,3.36
Banyo,12,CM,1547324027,26,6.75,11.81,73.24,9.62
Sozimskiy,80,RU,1547324029,80,59.74,52.25,14.6,7.16
Gat,0,SN,1547321400,41,14.69,-16.54,75.2,6.93
Kabalo,56,CD,1547324034,97,-6.05,26.92,71.03,2.91
Mar del Plata,12,AR,1547323754,29,-46.43,-67.52,69.91,13.98
Santa,0,PH,1547324038,82,17.49,120.43,61.58,2.57
Snezhnogorsk,40,RU,1547321400,92,69.19,33.23,19.4,2.24
Abonnema,24,NG,1547324043,74,4.71,6.79,78.23,8.72
Formosa,40,AR,1547319600,59,-26.19,-58.17,91.4,6.93
Boffa,0,GN,1547324048,65,10.18,-14.04,78.64,10.07
Sisophon,92,KH,1547324050,49,13.59,102.97,84.22,5.93
Ozernovskiy,76,RU,1547324052,88,51.5,156.52,28.87,8.16
Omsukchan,56,RU,1547324054,83,62.53,155.8,-10.74,2.68
Zhoucheng,40,CN,1547319600,79,31.35,119.33,32.0,2.24
Jijiga,0,ET,1547324059,82,9.35,42.8,39.31,2.46
Langenlois,44,AT,1547322600,87,48.47,15.68,39.2,23.04
Dzerzhinskoye,44,RU,1547324063,50,56.84,95.22,-3.31,8.28
Burnie,32,AU,1547324066,96,-41.05,145.91,64.1,15.99
Kharian,40,PK,1547323200,93,32.81,73.87,51.8,6.93
Carutapera,24,BR,1547324070,89,-1.2,-46.02,79.27,6.71
Djambala,8,CG,1547324072,96,-2.55,14.76,70.09,5.14
San Quintin,0,PH,1547323667,82,17.54,120.52,61.58,2.57
Havelock,90,US,1547323080,60,34.88,-76.9,44.96,10.29
Kavaratti,0,IN,1547324079,100,10.57,72.64,81.61,6.38
Sibu,75,MY,1547319600,100,2.29,111.83,75.2,3.36
Ewa Beach,75,US,1547321400,78,21.32,-158.01,75.92,4.03
Surin,0,TH,1547319600,83,14.88,103.49,73.4,6.93
Linfen,0,CN,1547324088,63,36.09,111.52,10.33,0.89
Petrovsk,64,RU,1547324090,84,52.31,45.39,12.08,11.3
Sortavala,8,RU,1547324092,74,61.7,30.69,18.2,12.64
Tiznit,20,MA,1547324094,92,29.7,-9.73,51.5,3.13
Vestmanna,92,FO,1547322600,100,62.16,-7.17,42.8,4.7
Goure,0,NE,1547324099,31,13.98,10.27,70.99,11.52
Someru,0,EE,1547324101,83,59.36,26.44,18.29,4.7
Alyangula,92,AU,1547319600,83,-13.85,136.42,82.4,6.93
Jiazi,20,CN,1547319600,100,19.61,110.49,66.2,4.47
Akdepe,75,TM,1547321400,80,42.05,59.39,37.4,16.11
Storforshei,76,NO,1547324111,90,66.4,14.52,19.06,2.13
Ola,8,RU,1547324113,100,59.58,151.3,5.47,8.16
Fairbanks,36,US,1547323380,72,64.84,-147.72,-34.61,4.36
Dalby,0,AU,1547319600,82,-27.18,151.26,64.4,10.74
Georgetown,75,GY,1547319600,69,6.8,-58.16,84.2,13.87
Juterbog,75,DE,1547322600,93,51.98,13.08,42.8,13.87
Azangaro,75,PE,1547319600,39,-14.91,-70.2,62.6,4.7
Puerto Leguizamo,88,CO,1547324127,85,-0.19,-74.78,79.31,5.14
Rock Sound,32,BS,1547324129,100,24.9,-76.2,76.84,18.45
Mopti,0,ML,1547324131,41,14.49,-4.19,72.52,11.86
Tabou,0,CI,1547324133,99,4.42,-7.36,82.87,8.16
La Libertad,75,PE,1547323200,59,-16.38,-71.56,62.6,10.29
Tighina,0,RO,1547321400,79,44.57,24.3,28.4,8.05
Floro,92,NO,1547322600,93,61.6,5.03,37.4,9.17
Manggar,48,ID,1547324143,100,-2.88,108.27,77.06,4.7
Gerash,0,IR,1547319600,57,27.67,54.14,50.0,1.9
Ritchie,0,ZA,1547323200,11,-29.03,24.6,80.6,9.17
Tiarei,90,PF,1547323200,70,-17.53,-149.33,84.2,12.75
Quelimane,68,MZ,1547323991,92,-17.88,36.89,77.69,6.6
Poum,0,MK,1547324154,68,41.28,20.71,2.45,1.23
Vila,0,IT,1547322600,85,45.18,8.4,39.2,1.12
Ambilobe,20,MG,1547324158,98,-13.19,49.05,68.96,2.68
Esfarayen,0,IR,1547323200,40,37.08,57.51,37.4,6.93
Benguela,20,AO,1547324163,100,-12.58,13.4,76.39,5.7
Oussouye,0,SN,1547319600,54,12.49,-16.54,80.6,2.24
Labytnangi,68,RU,1547324167,65,66.66,66.39,3.04,13.2
Acireale,0,IT,1547322600,65,37.61,15.17,48.2,13.87
Nanortalik,88,GL,1547324172,94,60.14,-45.24,29.45,19.8
Faanui,88,PF,1547324174,100,-16.48,-151.75,81.61,22.59
Tocopilla,0,CL,1547324176,76,-22.09,-70.2,69.46,7.16
Santa Isabel do Rio Negro,12,BR,1547323663,45,-0.41,-65.02,93.22,9.62
Skagen,0,SE,1547322600,100,58.6,13.44,30.2,3.36
Assomada,0,CV,1547319600,50,15.1,-23.68,75.2,12.75
Curaca,68,BR,1547324185,41,-8.99,-39.91,88.76,8.16
Waddan,0,LY,1547324187,42,29.16,16.14,42.91,12.97
Coolum Beach,92,AU,1547324189,86,-26.53,153.09,75.76,7.94
Te Anau,100,NZ,1547324192,71,-45.41,167.72,54.74,10.51
Beira,75,ES,1547321400,71,43.2,-8.36,50.0,8.05
San Carlos de Bariloche,40,AR,1547323200,54,-41.13,-71.31,59.0,24.16
San Julian,0,SV,1547322600,35,13.7,-89.56,89.6,11.41
Manuk Mangkaw,44,PH,1547324201,100,4.8,119.85,82.01,10.4
Sosnovo-Ozerskoye,20,RU,1547324203,40,52.53,111.54,-14.97,2.35
Solnechnyy,12,RU,1547323624,34,50.72,136.64,-22.93,2.13
Aklavik,20,CA,1547319600,67,68.22,-135.01,-22.01,10.29
Zhuhai,0,CN,1547319600,77,40.71,112.04,5.0,2.24
Seoul,0,KR,1547323200,85,37.57,126.98,26.6,2.24
Shingu,0,JP,1547323755,100,33.72,135.99,46.46,9.73
Fort Nelson,75,CA,1547319600,76,58.81,-122.69,-5.81,2.57
Kahului,40,US,1547322960,62,20.89,-156.47,80.06,9.17
Alcoentre,0,PT,1547321400,66,39.21,-8.96,50.0,5.82
Mwense,8,ZM,1547324223,94,-10.39,28.7,66.67,4.92
Grootfontein,0,NA,1547324226,16,-19.56,18.1,76.21,14.09
Hanting,0,CN,1547324228,85,30.92,118.55,30.22,3.02
Chulman,36,RU,1547324230,68,56.84,124.9,-11.19,2.8
Talpa,40,MX,1547322000,43,28.83,-111.63,73.4,5.82
Manowa,20,SL,1547324235,43,8.17,-10.75,79.85,5.14
Huttwil,90,CH,1547322600,86,47.11,7.85,41.0,11.41
Gannan,0,CN,1547324239,70,47.92,123.49,-1.78,6.15
Mantua,20,IT,1547322600,86,45.16,10.79,32.0,6.93
Bushehr,0,IR,1547322600,76,28.97,50.84,53.6,5.14
Muli,0,IN,1547324246,84,22.62,71.45,54.11,3.02
Nichinan,0,JP,1547324248,100,31.65,131.31,41.51,5.26
Sechura,0,PE,1547324251,60,-5.56,-80.82,81.61,17.67
Bilma,20,NE,1547324253,21,18.69,12.92,61.81,13.87
Hervey Bay,64,AU,1547319600,88,-25.3,152.85,68.0,6.93
Chimichagua,32,CO,1547324257,52,9.26,-73.81,89.89,2.13
Port Lincoln,8,AU,1547324260,95,-34.72,135.86,64.1,13.98
Port Macquarie,0,AU,1547319600,93,-31.43,152.91,64.4,5.03
Khasan,0,RU,1547324264,100,42.43,130.64,15.19,1.9
Save,12,BJ,1547324266,36,8.04,2.49,77.96,6.38
Selma,1,US,1547322960,59,36.57,-119.61,64.04,9.17
Fougamou,92,GA,1547324271,100,-1.22,10.59,71.39,2.57
Alice Springs,0,AU,1547321400,50,-23.7,133.88,75.2,8.28
Morgan City,90,US,1547322960,90,29.7,-91.21,71.6,11.41
Mogok,0,MM,1547324277,86,22.92,96.51,47.68,2.57
Sandakan,75,MY,1547319600,88,5.84,118.12,78.8,2.24
Hit,80,IQ,1547324282,85,33.64,42.83,40.43,6.49
Samarai,56,PG,1547324284,100,-10.62,150.67,80.44,10.96
Tessalit,48,ML,1547324286,21,20.2,1.01,52.18,8.95
Belyy Yar,0,RU,1547323200,83,53.6,91.39,-5.81,2.35
